{"cameraMode":{"drawMode":0,"name":"Shaded","section":"Shading Mode"},"sceneLighting":false,"audioPlay":false,"sceneViewState":{"m_AlwaysRefresh":false,"showFog":false,"showSkybox":false,"showFlares":false,"showImageEffects":false,"showParticleSystems":false,"showVisualEffectGraphs":false,"m_FxEnabled":false},"in2DMode":false,"pivot":{"x":-0.13657307624816895,"y":0.9693620800971985,"z":-1.9278147220611573},"rotation":{"x":-0.005726626142859459,"y":0.9942713975906372,"z":-0.07652027159929276,"w":-0.07440977543592453},"size":2.8763351440429689,"orthographic":false}